{
  "version": 1,
  "author": "Pia",
  "editor": "wokwi",
  "parts": [
    { "type": "wokwi-breadboard", "id": "bb1", "top": -51, "left": -160.4, "attrs": {} },
    {
      "type": "wokwi-pi-pico",
      "id": "pico",
      "top": -51.15,
      "left": 512.4,
      "attrs": { "env": "micropython-20231227-v1.22.0" }
    },
    {
      "type": "wokwi-resistor",
      "id": "r1",
      "top": 62.4,
      "left": -86.95,
      "rotate": 90,
      "attrs": { "value": "10000" }
    },
    {
      "type": "wokwi-resistor",
      "id": "r2",
      "top": 62.4,
      "left": -106.15,
      "rotate": 90,
      "attrs": { "value": "220" }
    },
    {
      "type": "wokwi-led",
      "id": "led1",
      "top": -22.8,
      "left": -101.8,
      "attrs": { "color": "red" }
    },
    {
      "type": "wokwi-photoresistor-sensor",
      "id": "ldr1",
      "top": -150.4,
      "left": 48.8,
      "attrs": {}
    }
  ],
  "connections": [
    [ "bb1:tp.1", "bb1:bp.1", "green", [ "v0" ] ],
    [ "bb1:6t.d", "bb1:bn.4", "green", [ "v0" ] ],
    [ "bb1:9t.c", "ldr1:AO", "green", [ "v-96", "h316.8", "v-28.8" ] ],
    [ "bb1:7b.j", "pico:GP16", "green", [ "v76.8", "h662.4" ] ],
    [ "bb1:9b.j", "bb1:bn.6", "green", [ "v0" ] ],
    [ "ldr1:GND", "pico:GND.2", "black", [ "h278.4", "v153.2" ] ],
    [ "pico:GND.1", "bb1:tn.12", "black", [ "h0" ] ],
    [ "pico:3V3", "bb1:tp.12", "green", [ "h20.4", "v-57.6", "h-595.2" ] ],
    [ "pico:3V3", "ldr1:VCC", "green", [ "h30", "v-67.2" ] ],
    [ "ldr1:AO", "pico:GP26", "green", [ "h86.4", "v-67.9", "h316.8", "v220.8" ] ],
    [ "bb1:tn.2", "bb1:bn.2", "green", [ "v0" ] ],
    [ "r2:1", "bb1:7t.e", "", [ "$bb" ] ],
    [ "r2:2", "bb1:7b.i", "", [ "$bb" ] ],
    [ "led1:A", "bb1:7t.c", "", [ "$bb" ] ],
    [ "led1:C", "bb1:6t.c", "", [ "$bb" ] ],
    [ "r1:1", "bb1:9t.e", "", [ "$bb" ] ],
    [ "r1:2", "bb1:9b.i", "", [ "$bb" ] ]
  ],
  "dependencies": {}
}