{
  "version": 1,
  "author": "Pia",
  "editor": "wokwi",
  "parts": [
    { "type": "wokwi-breadboard", "id": "bb1", "top": -31.8, "left": -237.2, "attrs": {} },
    {
      "type": "wokwi-pi-pico",
      "id": "pico",
      "top": -51.15,
      "left": 512.4,
      "attrs": { "env": "micropython-20231227-v1.22.0" }
    },
    {
      "type": "wokwi-resistor",
      "id": "r1",
      "top": 81.6,
      "left": -163.75,
      "rotate": 90,
      "attrs": { "value": "10000" }
    },
    {
      "type": "wokwi-photoresistor-sensor",
      "id": "ldr1",
      "top": -150.4,
      "left": 48.8,
      "attrs": {}
    },
    {
      "type": "wokwi-buzzer",
      "id": "bz1",
      "top": 40.8,
      "left": 654.6,
      "attrs": { "volume": "0.1" }
    },
    { "type": "wokwi-membrane-keypad", "id": "keypad1", "top": 199.6, "left": 562.4, "attrs": {} },
    {
      "type": "wokwi-lcd1602",
      "id": "lcd1",
      "top": -195.2,
      "left": 716,
      "attrs": { "pins": "i2c" }
    },
    {
      "type": "wokwi-pushbutton",
      "id": "btn1",
      "top": 83,
      "left": -67.2,
      "attrs": { "color": "green", "bounce": "1" }
    }
  ],
  "connections": [
    [ "bb1:tp.1", "bb1:bp.1", "green", [ "v0" ] ],
    [ "bb1:9t.c", "ldr1:AO", "green", [ "v-96", "h316.8", "v-28.8" ] ],
    [ "bb1:9b.j", "bb1:bn.6", "green", [ "v0" ] ],
    [ "ldr1:GND", "pico:GND.2", "black", [ "h278.4", "v153.2" ] ],
    [ "pico:GND.1", "bb1:tn.12", "black", [ "h0" ] ],
    [ "pico:3V3", "bb1:tp.12", "green", [ "h20.4", "v-57.6", "h-595.2" ] ],
    [ "pico:3V3", "ldr1:VCC", "green", [ "h30", "v-67.2" ] ],
    [ "ldr1:AO", "pico:GP26", "green", [ "h86.4", "v-67.9", "h316.8", "v220.8" ] ],
    [ "bb1:tn.2", "bb1:bn.2", "green", [ "v0" ] ],
    [ "bz1:1", "pico:GND.5", "green", [ "v0" ] ],
    [ "bz1:2", "pico:GP16", "green", [ "v0" ] ],
    [ "bb1:16b.h", "bb1:bn.12", "green", [ "v0" ] ],
    [ "bb1:23b.h", "pico:GP15", "green", [ "v124.8", "h528" ] ],
    [ "keypad1:R1", "pico:GP6", "magenta", [ "v19.2", "h-163.2", "v-508.8" ] ],
    [ "keypad1:R2", "pico:GP7", "green", [ "v48", "h-163.6", "v-537.6" ] ],
    [ "keypad1:R3", "pico:GP8", "green", [ "v57.6", "h-192.3", "v-528" ] ],
    [ "keypad1:R4", "pico:GP9", "green", [ "v67.2", "h-221", "v-19.2" ] ],
    [ "keypad1:C1", "pico:GP10", "green", [ "v76.8", "h-240.1", "v-528" ] ],
    [ "keypad1:C2", "pico:GP11", "green", [ "v86.4", "h-259.2", "v-518.4" ] ],
    [ "keypad1:C3", "pico:GP12", "green", [ "v96", "h-278.55", "v-518.4" ] ],
    [ "keypad1:C4", "pico:GP13", "green", [ "v105.6", "h-297.9", "v-96" ] ],
    [ "lcd1:SDA", "pico:GP0", "green", [ "h-249.6", "v105.8" ] ],
    [ "lcd1:SCL", "pico:GP1", "green", [ "h-230.4", "v105.9" ] ],
    [ "lcd1:GND", "pico:GND.7", "black", [ "h-76.8", "v192" ] ],
    [ "lcd1:VCC", "pico:3V3", "red", [ "h-86.4", "v153.7" ] ],
    [ "r1:1", "bb1:9t.e", "", [ "$bb" ] ],
    [ "r1:2", "bb1:9b.i", "", [ "$bb" ] ],
    [ "btn1:1.l", "bb1:16b.g", "", [ "$bb" ] ],
    [ "btn1:2.l", "bb1:16b.i", "", [ "$bb" ] ],
    [ "btn1:1.r", "bb1:23b.g", "", [ "$bb" ] ],
    [ "btn1:2.r", "bb1:23b.i", "", [ "$bb" ] ]
  ],
  "dependencies": {}
}